season,round,team1,team2,spi1,spi2,prob1,prob2
2024,1,Aston Villa,Arsenal,77.59067974053323,60.0652132043615,0.8522737216015518,0.1477262783984482
2024,1,Bournemouth,Arsenal,64.3141922634095,60.0652132043615,0.6046546796469779,0.39534532035302206
2024,1,Brentford,Arsenal,80.9056091401726,60.0652132043615,0.8893422060823984,0.11065779391760155
2024,1,Brighton,Arsenal,82.91635495028459,60.0652132043615,0.9076366748326735,0.09236332516732648
2024,1,Burnley,Arsenal,51.594477478647605,60.0652132043615,0.30004710255402933,0.6999528974459707
2024,1,Chelsea,Arsenal,68.48369208164513,60.0652132043615,0.698854259726927,0.30114574027307295
2024,1,Crystal Palace,Arsenal,81.23466655379161,60.0652132043615,0.8925392988467837,0.10746070115321626
2024,1,Everton,Arsenal,69.30022550630383,60.0652132043615,0.7157549680354897,0.28424503196451034
2024,1,Fulham,Arsenal,65.98151573562063,60.0652132043615,0.643739113975046,0.356260886024954
2024,1,Liverpool,Arsenal,83.48916708724573,60.0652132043615,0.9123278713758879,0.08767212862411211
2024,1,Luton Town,Arsenal,65.86669546668418,60.0652132043615,0.6411015124756976,0.3588984875243024
2024,1,Manchester City,Arsenal,73.71497224085033,60.0652132043615,0.7965672223561594,0.2034327776438406
2024,1,Manchester United,Arsenal,70.04216906847432,60.0652132043615,0.7306052622495843,0.26939473775041567
2024,1,Newcastle,Arsenal,53.60236389329657,60.0652132043615,0.34382720726463434,0.6561727927353657
2024,1,Nottingham Forest,Arsenal,81.49387396406382,60.0652132043615,0.895000254470204,0.10499974552979596
2024,1,Sheffield United,Arsenal,58.6130707024131,60.0652132043615,0.4637600981873111,0.5362399018126889
2024,1,Tottenham,Arsenal,51.47208367357962,60.0652132043615,0.29748290943123346,0.7025170905687665
2024,1,West Ham,Arsenal,61.477225174894556,60.0652132043615,0.5352417651702172,0.46475823482978285
2024,1,Wolves,Arsenal,83.40762772015296,60.0652132043615,0.9116734763115658,0.08832652368843419
2024,1,Arsenal,Aston Villa,60.0652132043615,77.59067974053323,0.14772627839844818,0.8522737216015518
2024,2,Bournemouth,Aston Villa,64.3141922634095,77.59067974053323,0.20954855587496712,0.7904514441250329
2024,2,Brentford,Aston Villa,80.9056091401726,77.59067974053323,0.5821225877311025,0.4178774122688975
2024,2,Brighton,Aston Villa,82.91635495028459,77.59067974053323,0.6300817461270041,0.36991825387299593
2024,2,Burnley,Aston Villa,51.594477478647605,77.59067974053323,0.06916286593966017,0.9308371340603399
2024,2,Chelsea,Aston Villa,68.48369208164513,77.59067974053323,0.286856869418328,0.713143130581672
2024,2,Crystal Palace,Aston Villa,81.23466655379161,77.59067974053323,0.5901048121786594,0.4098951878213406
2024,2,Everton,Aston Villa,69.30022550630383,77.59067974053323,0.3038469481976189,0.6961530518023811
2024,2,Fulham,Aston Villa,65.98151573562063,77.59067974053323,0.23850081029136305,0.761499189708637
2024,2,Liverpool,Aston Villa,83.48916708724573,77.59067974053323,0.6433304376513624,0.35666956234863756
2024,2,Luton Town,Aston Villa,65.86669546668418,77.59067974053323,0.2364217308977566,0.7635782691022435
2024,2,Manchester City,Aston Villa,73.71497224085033,77.59067974053323,0.4043022297174019,0.5956977702825981
2024,2,Manchester United,Aston Villa,70.04216906847432,77.59067974053323,0.3197651976104031,0.6802348023895969
2024,2,Newcastle,Aston Villa,53.60236389329657,77.59067974053323,0.08326183740363466,0.9167381625963653
2024,2,Nottingham Forest,Aston Villa,81.49387396406382,77.59067974053323,0.5963595913599705,0.4036404086400295
2024,2,Sheffield United,Aston Villa,58.6130707024131,77.59067974053323,0.13036210580742136,0.8696378941925786
2024,2,Tottenham,Aston Villa,51.47208367357962,77.59067974053323,0.06837904541914498,0.931620954580855
2024,2,West Ham,Aston Villa,61.477225174894556,77.59067974053323,0.16640189841463662,0.8335981015853634
2024,2,Wolves,Aston Villa,83.40762772015296,77.59067974053323,0.641457286017564,0.358542713982436
2024,2,Arsenal,Bournemouth,60.0652132043615,64.3141922634095,0.3953453203530221,0.6046546796469778
2024,2,Aston Villa,Bournemouth,77.59067974053323,64.3141922634095,0.790451444125033,0.209548555874967
2024,3,Brentford,Bournemouth,80.9056091401726,64.3141922634095,0.8401227511897156,0.15987724881028442
2024,3,Brighton,Bournemouth,82.91635495028459,64.3141922634095,0.8653221539324526,0.1346778460675474
2024,3,Burnley,Bournemouth,51.594477478647605,64.3141922634095,0.21891995427968539,0.7810800457203146
2024,3,Chelsea,Bournemouth,68.48369208164513,64.3141922634095,0.6027531774396993,0.39724682256030075
2024,3,Crystal Palace,Bournemouth,81.23466655379161,64.3141922634095,0.8444932269860286,0.15550677301397142
2024,3,Everton,Bournemouth,69.30022550630383,64.3141922634095,0.6221310511307929,0.3778689488692071
2024,3,Fulham,Bournemouth,65.98151573562063,64.3141922634095,0.5415867898079832,0.45841321019201675
2024,3,Liverpool,Bournemouth,83.48916708724573,64.3141922634095,0.8718591104853892,0.12814088951461078
2024,3,Luton Town,Bournemouth,65.86669546668418,64.3141922634095,0.5387348103142006,0.46126518968579944
2024,3,Manchester City,Bournemouth,73.71497224085033,64.3141922634095,0.7191154123279806,0.2808845876720194
2024,3,Manchester United,Bournemouth,70.04216906847432,64.3141922634095,0.6394084743894797,0.3605915256105203
2024,3,Newcastle,Bournemouth,53.60236389329657,64.3141922634095,0.25517820636735705,0.7448217936326429
2024,3,Nottingham Forest,Bournemouth,81.49387396406382,64.3141922634095,0.8478669386599657,0.15213306134003435
2024,3,Sheffield United,Bournemouth,58.6130707024131,64.3141922634095,0.36121094581926994,0.6387890541807301
2024,3,Tottenham,Bournemouth,51.47208367357962,64.3141922634095,0.21683429477000096,0.7831657052299991
2024,3,West Ham,Bournemouth,61.477225174894556,64.3141922634095,0.4295477126091742,0.5704522873908258
2024,3,Wolves,Bournemouth,83.40762772015296,64.3141922634095,0.8709453806652647,0.12905461933473528
2024,3,Arsenal,Brentford,60.0652132043615,80.9056091401726,0.11065779391760158,0.8893422060823984
2024,3,Aston Villa,Brentford,77.59067974053323,80.9056091401726,0.41787741226889746,0.5821225877311025
2024,3,Bournemouth,Brentford,64.3141922634095,80.9056091401726,0.1598772488102845,0.8401227511897155
2024,4,Brighton,Brentford,82.91635495028459,80.9056091401726,0.5500999596534174,0.4499000403465826
2024,4,Burnley,Brentford,51.594477478647605,80.9056091401726,0.05063678525150958,0.9493632147484904
2024,4,Chelsea,Brentford,68.48369208164513,80.9056091401726,0.22405471802567573,0.7759452819743242
2024,4,Crystal Palace,Brentford,81.23466655379161,80.9056091401726,0.5082256931305121,0.49177430686948786
2024,4,Everton,Brentford,69.30022550630383,80.9056091401726,0.2385694754870589,0.7614305245129411
2024,4,Fulham,Brentford,65.98151573562063,80.9056091401726,0.1835603739668383,0.8164396260331617
2024,4,Liverpool,Brentford,83.48916708724573,80.9056091401726,0.5642320668552226,0.43576793314477735
2024,4,Luton Town,Brentford,65.86669546668418,80.9056091401726,0.18184585725536592,0.818154142744634
2024,4,Manchester City,Brentford,73.71497224085033,80.9056091401726,0.3275991981047351,0.672400801895265
2024,4,Manchester United,Brentford,70.04216906847432,80.9056091401726,0.2523073506477298,0.7476926493522702
2024,4,Newcastle,Brentford,53.60236389329657,80.9056091401726,0.061207512601571826,0.9387924873984281
2024,4,Nottingham Forest,Brentford,81.49387396406382,80.9056091401726,0.5147023809752619,0.4852976190247381
2024,4,Sheffield United,Brentford,58.6130707024131,80.9056091401726,0.09715407052667838,0.9028459294733217
2024,4,Tottenham,Brentford,51.47208367357962,80.9056091401726,0.05005163078102228,0.9499483692189777
2024,4,West Ham,Brentford,61.477225174894556,80.9056091401726,0.12533636012386232,0.8746636398761377
2024,4,Wolves,Brentford,83.40762772015296,80.9056091401726,0.5622261843952502,0.4377738156047498
2024,4,Arsenal,Brighton,60.0652132043615,82.91635495028459,0.09236332516732654,0.9076366748326734
2024,4,Aston Villa,Brighton,77.59067974053323,82.91635495028459,0.3699182538729959,0.6300817461270041
2024,4,Bournemouth,Brighton,64.3141922634095,82.91635495028459,0.13467784606754743,0.8653221539324526
2024,4,Brentford,Brighton,80.9056091401726,82.91635495028459,0.44990004034658254,0.5500999596534175
2024,5,Burnley,Brighton,51.594477478647605,82.91635495028459,0.04179889606994208,0.958201103930058
2024,5,Chelsea,Brighton,68.48369208164513,82.91635495028459,0.19104005486460246,0.8089599451353975
2024,5,Crystal Palace,Brighton,81.23466655379161,82.91635495028459,0.4580565928080548,0.5419434071919452
2024,5,Everton,Brighton,69.30022550630383,82.91635495028459,0.20397828161049683,0.7960217183895032
2024,5,Fulham,Brighton,65.98151573562063,82.91635495028459,0.15531821982416177,0.8446817801758382
2024,5,Liverpool,Brighton,83.48916708724573,82.91635495028459,0.5143163891347098,0.4856836108652902
2024,5,Luton Town,Brighton,65.86669546668418,82.91635495028459,0.1538177960162848,0.8461822039837152
2024,5,Manchester City,Brighton,73.71497224085033,82.91635495028459,0.28492972147895435,0.7150702785210457
2024,5,Manchester United,Brighton,70.04216906847432,82.91635495028459,0.21629006203607565,0.7837099379639243
2024,5,Newcastle,Brighton,53.60236389329657,82.91635495028459,0.05062304113121558,0.9493769588687844
2024,5,Nottingham Forest,Brighton,81.49387396406382,82.91635495028459,0.46449781930223405,0.535502180697766
2024,5,Sheffield United,Brighton,58.6130707024131,82.91635495028459,0.0808890467821535,0.9191109532178465
2024,5,Tottenham,Brighton,51.47208367357962,82.91635495028459,0.04131142733940011,0.9586885726605999
2024,5,West Ham,Brighton,61.477225174894556,82.91635495028459,0.10490140384119585,0.8950985961588042
2024,5,Wolves,Brighton,83.40762772015296,82.91635495028459,0.5122793496727468,0.4877206503272532
2024,5,Arsenal,Burnley,60.0652132043615,51.594477478647605,0.6999528974459707,0.30004710255402933
2024,5,Aston Villa,Burnley,77.59067974053323,51.594477478647605,0.9308371340603397,0.06916286593966026
2024,5,Bournemouth,Burnley,64.3141922634095,51.594477478647605,0.7810800457203146,0.21891995427968536
2024,5,Brentford,Burnley,80.9056091401726,51.594477478647605,0.9493632147484905,0.0506367852515095
2024,5,Brighton,Burnley,82.91635495028459,51.594477478647605,0.9582011039300579,0.04179889606994214
2024,6,Chelsea,Burnley,68.48369208164513,51.594477478647605,0.8440822687492341,0.1559177312507659
2024,6,Crystal Palace,Burnley,81.23466655379161,51.594477478647605,0.9509218943627152,0.049078105637284763
2024,6,Everton,Burnley,69.30022550630383,51.594477478647605,0.8545291388336407,0.14547086116635932
2024,6,Fulham,Burnley,65.98151573562063,51.594477478647605,0.8082538511692239,0.19174614883077612
2024,6,Liverpool,Burnley,83.48916708724573,51.594477478647605,0.9604360466133969,0.03956395338660312
2024,6,Luton Town,Burnley,65.86669546668418,51.594477478647605,0.8064680707215893,0.19353192927841067
2024,6,Manchester City,Burnley,73.71497224085033,51.594477478647605,0.9013263513976482,0.09867364860235184
2024,6,Manchester United,Burnley,70.04216906847432,51.594477478647605,0.8635117717344868,0.1364882282655132
2024,6,Newcastle,Burnley,53.60236389329657,51.594477478647605,0.5500291914634948,0.4499708085365052
2024,6,Nottingham Forest,Burnley,81.49387396406382,51.594477478647605,0.9521175588194877,0.047882441180512325
2024,6,Sheffield United,Burnley,58.6130707024131,51.594477478647605,0.6685998788838547,0.33140012111614525
2024,6,Tottenham,Burnley,51.47208367357962,51.594477478647605,0.4969401930704157,0.5030598069295843
2024,6,West Ham,Burnley,61.477225174894556,51.594477478647605,0.7287470223981146,0.2712529776018854
2024,6,Wolves,Burnley,83.40762772015296,51.594477478647605,0.9601250421493228,0.039874957850677184
2024,6,Arsenal,Chelsea,60.0652132043615,68.48369208164513,0.30114574027307295,0.698854259726927
2024,6,Aston Villa,Chelsea,77.59067974053323,68.48369208164513,0.713143130581672,0.286856869418328
2024,6,Bournemouth,Chelsea,64.3141922634095,68.48369208164513,0.39724682256030075,0.6027531774396993
2024,6,Brentford,Chelsea,80.9056091401726,68.48369208164513,0.7759452819743242,0.22405471802567578
2024,6,Brighton,Chelsea,82.91635495028459,68.48369208164513,0.8089599451353975,0.19104005486460252
2024,6,Burnley,Chelsea,51.594477478647605,68.48369208164513,0.15591773125076586,0.8440822687492342
2024,7,Crystal Palace,Chelsea,81.23466655379161,68.48369208164513,0.7816140979649495,0.21838590203505048
2024,7,Everton,Chelsea,69.30022550630383,68.48369208164513,0.5204020014077133,0.4795979985922867
2024,7,Fulham,Chelsea,65.98151573562063,68.48369208164513,0.4377699325460172,0.5622300674539829
2024,7,Liverpool,Chelsea,83.48916708724573,68.48369208164513,0.8176561197620966,0.18234388023790338
2024,7,Luton Town,Chelsea,65.86669546668418,68.48369208164513,0.4349459397506364,0.5650540602493637
2024,7,Manchester City,Chelsea,73.71497224085033,68.48369208164513,0.627878909666874,0.372121090333126
2024,7,Manchester United,Chelsea,70.04216906847432,68.48369208164513,0.5388832551658929,0.46111674483410714
2024,7,Newcastle,Chelsea,53.60236389329657,68.48369208164513,0.18420214650567582,0.8157978534943242
2024,7,Nottingham Forest,Chelsea,81.49387396406382,68.48369208164513,0.7860062925846804,0.21399370741531965
2024,7,Sheffield United,Chelsea,58.6130707024131,68.48369208164513,0.2714927508109644,0.7285072491890356
2024,7,Tottenham,Chelsea,51.47208367357962,68.48369208164513,0.1543137134089214,0.8456862865910786
2024,7,West Ham,Chelsea,61.477225174894556,68.48369208164513,0.33166886378218874,0.6683311362178113
2024,7,Wolves,Chelsea,83.40762772015296,68.48369208164513,0.8164372616453434,0.18356273835465664
2024,7,Arsenal,Crystal Palace,60.0652132043615,81.23466655379161,0.1074607011532162,0.8925392988467838
2024,7,Aston Villa,Crystal Palace,77.59067974053323,81.23466655379161,0.40989518782134066,0.5901048121786594
2024,7,Bournemouth,Crystal Palace,64.3141922634095,81.23466655379161,0.15550677301397142,0.8444932269860286
2024,7,Brentford,Crystal Palace,80.9056091401726,81.23466655379161,0.49177430686948786,0.5082256931305121
2024,7,Brighton,Crystal Palace,82.91635495028459,81.23466655379161,0.5419434071919452,0.4580565928080548
2024,7,Burnley,Crystal Palace,51.594477478647605,81.23466655379161,0.049078105637284826,0.9509218943627151
2024,7,Chelsea,Crystal Palace,68.48369208164513,81.23466655379161,0.21838590203505046,0.7816140979649495
2024,8,Everton,Crystal Palace,69.30022550630383,81.23466655379161,0.23264352635160682,0.7673564736483932
2024,8,Fulham,Crystal Palace,65.98151573562063,81.23466655379161,0.17868017959493887,0.8213198204050611
2024,8,Liverpool,Crystal Palace,83.48916708724573,81.23466655379161,0.5561249890108455,0.4438750109891545
2024,8,Luton Town,Crystal Palace,65.86669546668418,81.23466655379161,0.1770013633961861,0.8229986366038139
2024,8,Manchester City,Crystal Palace,73.71497224085033,81.23466655379161,0.32039232312142435,0.6796076768785757
2024,8,Manchester United,Crystal Palace,70.04216906847432,81.23466655379161,0.24615047401173762,0.7538495259882624
2024,8,Newcastle,Crystal Palace,53.60236389329657,81.23466655379161,0.0593437888474095,0.9406562111525905
2024,8,Nottingham Forest,Crystal Palace,81.49387396406382,81.23466655379161,0.5064798224530086,0.4935201775469914
2024,8,Sheffield United,Crystal Palace,58.6130707024131,81.23466655379161,0.09430575240453118,0.9056942475954688
2024,8,Tottenham,Crystal Palace,51.47208367357962,81.23466655379161,0.04851004277263622,0.9514899572273637
2024,8,West Ham,Crystal Palace,61.477225174894556,81.23466655379161,0.12177324689671674,0.8782267531032832
2024,8,Wolves,Crystal Palace,83.40762772015296,81.23466655379161,0.5541112794553156,0.4458887205446844
2024,8,Arsenal,Everton,60.0652132043615,69.30022550630383,0.28424503196451034,0.7157549680354897
2024,8,Aston Villa,Everton,77.59067974053323,69.30022550630383,0.6961530518023811,0.3038469481976189
2024,8,Bournemouth,Everton,64.3141922634095,69.30022550630383,0.3778689488692071,0.6221310511307929
2024,8,Brentford,Everton,80.9056091401726,69.30022550630383,0.761430524512941,0.23856947548705898
2024,8,Brighton,Everton,82.91635495028459,69.30022550630383,0.7960217183895032,0.2039782816104968
2024,8,Burnley,Everton,51.594477478647605,69.30022550630383,0.1454708611663594,0.8545291388336406
2024,8,Chelsea,Everton,68.48369208164513,69.30022550630383,0.4795979985922867,0.5204020014077133
2024,8,Crystal Palace,Everton,81.23466655379161,69.30022550630383,0.7673564736483931,0.2326435263516069
2024,9,Fulham,Everton,65.98151573562063,69.30022550630383,0.41778545537610956,0.5822145446238904
2024,9,Liverpool,Everton,83.48916708724573,69.30022550630383,0.8051649967467636,0.19483500325323644
2024,9,Luton Town,Everton,65.86669546668418,69.30022550630383,0.41499522293383,0.5850047770661699
2024,9,Manchester City,Everton,73.71497224085033,69.30022550630383,0.6086103597589377,0.39138964024106226
2024,9,Manchester United,Everton,70.04216906847432,69.30022550630383,0.5185400848756727,0.4814599151243273
2024,9,Newcastle,Everton,53.60236389329657,69.30022550630383,0.17224687826787152,0.8277531217321284
2024,9,Nottingham Forest,Everton,81.49387396406382,69.30022550630383,0.7719517547666853,0.22804824523331468
2024,9,Sheffield United,Everton,58.6130707024131,69.30022550630383,0.255647441024739,0.744352558975261
2024,9,Tottenham,Everton,51.47208367357962,69.30022550630383,0.14395598719472294,0.8560440128052771
2024,9,West Ham,Everton,61.477225174894556,69.30022550630383,0.31382438809091806,0.6861756119090819
2024,9,Wolves,Everton,83.40762772015296,69.30022550630383,0.8038826697268702,0.19611733027312983
2024,9,Arsenal,Fulham,60.0652132043615,65.98151573562063,0.35626088602495404,0.6437391139750459
2024,9,Aston Villa,Fulham,77.59067974053323,65.98151573562063,0.761499189708637,0.23850081029136305
2024,9,Bournemouth,Fulham,64.3141922634095,65.98151573562063,0.4584132101920167,0.5415867898079834
2024,9,Brentford,Fulham,80.9056091401726,65.98151573562063,0.8164396260331617,0.18356037396683833
2024,9,Brighton,Fulham,82.91635495028459,65.98151573562063,0.8446817801758383,0.15531821982416172
2024,9,Burnley,Fulham,51.594477478647605,65.98151573562063,0.1917461488307761,0.8082538511692239
2024,9,Chelsea,Fulham,68.48369208164513,65.98151573562063,0.5622300674539829,0.43776993254601715
2024,9,Crystal Palace,Fulham,81.23466655379161,65.98151573562063,0.8213198204050611,0.17868017959493887
2024,9,Everton,Fulham,69.30022550630383,65.98151573562063,0.5822145446238904,0.41778545537610956
2024,10,Liverpool,Fulham,83.48916708724573,65.98151573562063,0.8520492818875954,0.14795071811240457
2024,10,Luton Town,Fulham,65.86669546668418,65.98151573562063,0.4971295248127417,0.5028704751872584
2024,10,Manchester City,Fulham,73.71497224085033,65.98151573562063,0.6842441803600012,0.31575581963999877
2024,10,Manchester United,Fulham,70.04216906847432,65.98151573562063,0.6001440453922374,0.3998559546077626
2024,10,Newcastle,Fulham,53.60236389329657,65.98151573562063,0.2247990865609662,0.7752009134390339
2024,10,Nottingham Forest,Fulham,81.49387396406382,65.98151573562063,0.825092151383275,0.17490784861672504
2024,10,Sheffield United,Fulham,58.6130707024131,65.98151573562063,0.32369454902980255,0.6763054509701975
2024,10,Tottenham,Fulham,51.47208367357962,65.98151573562063,0.18985644810685615,0.8101435518931439
2024,10,West Ham,Fulham,61.477225174894556,65.98151573562063,0.38925875896909673,0.6107412410309032
2024,10,Wolves,Fulham,83.40762772015296,65.98151573562063,0.8510184325686848,0.1489815674313152
2024,10,Arsenal,Liverpool,60.0652132043615,83.48916708724573,0.08767212862411207,0.9123278713758879
2024,10,Aston Villa,Liverpool,77.59067974053323,83.48916708724573,0.35666956234863756,0.6433304376513624
2024,10,Bournemouth,Liverpool,64.3141922634095,83.48916708724573,0.1281408895146109,0.8718591104853891
2024,10,Brentford,Liverpool,80.9056091401726,83.48916708724573,0.43576793314477746,0.5642320668552225
2024,10,Brighton,Liverpool,82.91635495028459,83.48916708724573,0.4856836108652903,0.5143163891347097
2024,10,Burnley,Liverpool,51.594477478647605,83.48916708724573,0.03956395338660316,0.9604360466133969
2024,10,Chelsea,Liverpool,68.48369208164513,83.48916708724573,0.18234388023790346,0.8176561197620965
2024,10,Crystal Palace,Liverpool,81.23466655379161,83.48916708724573,0.44387501098915455,0.5561249890108455
2024,10,Everton,Liverpool,69.30022550630383,83.48916708724573,0.19483500325323647,0.8051649967467636
2024,10,Fulham,Liverpool,65.98151573562063,83.48916708724573,0.14795071811240462,0.8520492818875953
2024,11,Luton Town,Liverpool,65.86669546668418,83.48916708724573,0.1465091219543166,0.8534908780456834
2024,11,Manchester City,Liverpool,73.71497224085033,83.48916708724573,0.2734041142817275,0.7265958857182725
2024,11,Manchester United,Liverpool,70.04216906847432,83.48916708724573,0.20673824025699922,0.7932617597430007
2024,11,Newcastle,Liverpool,53.60236389329657,83.48916708724573,0.04793988633455003,0.95206011366545
2024,11,Nottingham Forest,Liverpool,81.49387396406382,83.48916708724573,0.4502825084199776,0.5497174915800225
2024,11,Sheffield United,Liverpool,58.6130707024131,83.48916708724573,0.07673136808130886,0.9232686319186911
2024,11,Tottenham,Liverpool,51.47208367357962,83.48916708724573,0.03910148547640111,0.9608985145235989
2024,11,West Ham,Liverpool,61.477225174894556,83.48916708724573,0.09964330159946995,0.90035669840053
2024,11,Wolves,Liverpool,83.40762772015296,83.48916708724573,0.4979615271169433,0.5020384728830567
2024,11,Arsenal,Luton Town,60.0652132043615,65.86669546668418,0.3588984875243024,0.6411015124756976
2024,11,Aston Villa,Luton Town,77.59067974053323,65.86669546668418,0.7635782691022435,0.23642173089775653
2024,11,Bournemouth,Luton Town,64.3141922634095,65.86669546668418,0.46126518968579944,0.5387348103142006
2024,11,Brentford,Luton Town,80.9056091401726,65.86669546668418,0.818154142744634,0.18184585725536595
2024,11,Brighton,Luton Town,82.91635495028459,65.86669546668418,0.8461822039837152,0.15381779601628476
2024,11,Burnley,Luton Town,51.594477478647605,65.86669546668418,0.19353192927841076,0.8064680707215892
2024,11,Chelsea,Luton Town,68.48369208164513,65.86669546668418,0.5650540602493636,0.43494593975063645
2024,11,Crystal Palace,Luton Town,81.23466655379161,65.86669546668418,0.8229986366038139,0.1770013633961861
2024,11,Everton,Luton Town,69.30022550630383,65.86669546668418,0.5850047770661699,0.41499522293383007
2024,11,Fulham,Luton Town,65.98151573562063,65.86669546668418,0.5028704751872582,0.49712952481274175
2024,11,Liverpool,Luton Town,83.48916708724573,65.86669546668418,0.8534908780456836,0.14650912195431642
2024,12,Manchester City,Luton Town,73.71497224085033,65.86669546668418,0.6867196550850738,0.3132803449149262
2024,12,Manchester United,Luton Town,70.04216906847432,65.86669546668418,0.6028962059954585,0.39710379400454154
2024,12,Newcastle,Luton Town,53.60236389329657,65.86669546668418,0.2268063162668935,0.7731936837331065
2024,12,Nottingham Forest,Luton Town,81.49387396406382,65.86669546668418,0.8267430008729731,0.17325699912702686
2024,12,Sheffield United,Luton Town,58.6130707024131,65.86669546668418,0.326213223876797,0.673786776123203
2024,12,Tottenham,Luton Town,51.47208367357962,65.86669546668418,0.19162880189968312,0.8083711981003169
2024,12,West Ham,Luton Town,61.477225174894556,65.86669546668418,0.3919918997033253,0.6080081002966746
2024,12,Wolves,Luton Town,83.40762772015296,65.86669546668418,0.8524683339033229,0.14753166609667712
2024,12,Arsenal,Manchester City,60.0652132043615,73.71497224085033,0.2034327776438406,0.7965672223561594
2024,12,Aston Villa,Manchester City,77.59067974053323,73.71497224085033,0.5956977702825981,0.40430222971740193
2024,12,Bournemouth,Manchester City,64.3141922634095,73.71497224085033,0.28088458767201946,0.7191154123279806
2024,12,Brentford,Manchester City,80.9056091401726,73.71497224085033,0.672400801895265,0.32759919810473503
2024,12,Brighton,Manchester City,82.91635495028459,73.71497224085033,0.7150702785210457,0.28492972147895435
2024,12,Burnley,Manchester City,51.594477478647605,73.71497224085033,0.09867364860235174,0.9013263513976483
2024,12,Chelsea,Manchester City,68.48369208164513,73.71497224085033,0.37212109033312596,0.627878909666874
2024,12,Crystal Palace,Manchester City,81.23466655379161,73.71497224085033,0.6796076768785757,0.3203923231214243
2024,12,Everton,Manchester City,69.30022550630383,73.71497224085033,0.39138964024106226,0.6086103597589377
2024,12,Fulham,Manchester City,65.98151573562063,73.71497224085033,0.3157558196399988,0.6842441803600012
2024,12,Liverpool,Manchester City,83.48916708724573,73.71497224085033,0.7265958857182725,0.2734041142817275
2024,12,Luton Town,Manchester City,65.86669546668418,73.71497224085033,0.3132803449149262,0.6867196550850738
2024,13,Manchester United,Manchester City,70.04216906847432,73.71497224085033,0.4091983559055291,0.5908016440944709
2024,13,Newcastle,Manchester City,53.60236389329657,73.71497224085033,0.11802566722479556,0.8819743327752044
2024,13,Nottingham Forest,Manchester City,81.49387396406382,73.71497224085033,0.6852252197309442,0.3147747802690558
2024,13,Sheffield United,Manchester City,58.6130707024131,73.71497224085033,0.1809106140724462,0.8190893859275538
2024,13,Tottenham,Manchester City,51.47208367357962,73.71497224085033,0.09759044705680418,0.9024095529431958
2024,13,West Ham,Manchester City,61.477225174894556,73.71497224085033,0.22727285460179328,0.7727271453982067
2024,13,Wolves,Manchester City,83.40762772015296,73.71497224085033,0.7249730817115598,0.27502691828844017
2024,13,Arsenal,Manchester United,60.0652132043615,70.04216906847432,0.2693947377504157,0.7306052622495842
2024,13,Aston Villa,Manchester United,77.59067974053323,70.04216906847432,0.6802348023895969,0.3197651976104031
2024,13,Bournemouth,Manchester United,64.3141922634095,70.04216906847432,0.3605915256105203,0.6394084743894797
2024,13,Brentford,Manchester United,80.9056091401726,70.04216906847432,0.7476926493522702,0.2523073506477298
2024,13,Brighton,Manchester United,82.91635495028459,70.04216906847432,0.7837099379639243,0.2162900620360757
2024,13,Burnley,Manchester United,51.594477478647605,70.04216906847432,0.13648822826551316,0.8635117717344869
2024,13,Chelsea,Manchester United,68.48369208164513,70.04216906847432,0.4611167448341072,0.5388832551658929
2024,13,Crystal Palace,Manchester United,81.23466655379161,70.04216906847432,0.7538495259882625,0.2461504740117375
2024,13,Everton,Manchester United,69.30022550630383,70.04216906847432,0.48145991512432734,0.5185400848756727
2024,13,Fulham,Manchester United,65.98151573562063,70.04216906847432,0.39985595460776263,0.6001440453922373
2024,13,Liverpool,Manchester United,83.48916708724573,70.04216906847432,0.7932617597430007,0.20673824025699927
2024,13,Luton Town,Manchester United,65.86669546668418,70.04216906847432,0.3971037940045415,0.6028962059954586
2024,13,Manchester City,Manchester United,73.71497224085033,70.04216906847432,0.5908016440944709,0.4091983559055291
2024,14,Newcastle,Manchester United,53.60236389329657,70.04216906847432,0.16192416035201262,0.8380758396479874
2024,14,Nottingham Forest,Manchester United,81.49387396406382,70.04216906847432,0.7586276818922029,0.24137231810779713
2024,14,Sheffield United,Manchester United,58.6130707024131,70.04216906847432,0.24178651215256552,0.7582134878474345
2024,14,Tottenham,Manchester United,51.47208367357962,70.04216906847432,0.13505211220701635,0.8649478877929837
2024,14,West Ham,Manchester United,61.477225174894556,70.04216906847432,0.2980722881542223,0.7019277118457776
2024,14,Wolves,Manchester United,83.40762772015296,70.04216906847432,0.7919213363346663,0.20807866366533367
2024,14,Arsenal,Newcastle,60.0652132043615,53.60236389329657,0.6561727927353657,0.34382720726463434
2024,14,Aston Villa,Newcastle,77.59067974053323,53.60236389329657,0.9167381625963653,0.08326183740363469
2024,14,Bournemouth,Newcastle,64.3141922634095,53.60236389329657,0.7448217936326429,0.2551782063673571
2024,14,Brentford,Newcastle,80.9056091401726,53.60236389329657,0.9387924873984281,0.06120751260157187
2024,14,Brighton,Newcastle,82.91635495028459,53.60236389329657,0.9493769588687845,0.05062304113121552
2024,14,Burnley,Newcastle,51.594477478647605,53.60236389329657,0.44997080853650523,0.5500291914634947
2024,14,Chelsea,Newcastle,68.48369208164513,53.60236389329657,0.8157978534943241,0.1842021465056759
2024,14,Crystal Palace,Newcastle,81.23466655379161,53.60236389329657,0.9406562111525905,0.05934378884740954
2024,14,Everton,Newcastle,69.30022550630383,53.60236389329657,0.8277531217321284,0.17224687826787155
2024,14,Fulham,Newcastle,65.98151573562063,53.60236389329657,0.7752009134390337,0.22479908656096625
2024,14,Liverpool,Newcastle,83.48916708724573,53.60236389329657,0.9520601136654498,0.04793988633455015
2024,14,Luton Town,Newcastle,65.86669546668418,53.60236389329657,0.7731936837331066,0.2268063162668934
2024,14,Manchester City,Newcastle,73.71497224085033,53.60236389329657,0.8819743327752044,0.11802566722479557
2024,14,Manchester United,Newcastle,70.04216906847432,53.60236389329657,0.8380758396479874,0.16192416035201262
2024,15,Nottingham Forest,Newcastle,81.49387396406382,53.60236389329657,0.9420867416347639,0.05791325836523609
2024,15,Sheffield United,Newcastle,58.6130707024131,53.60236389329657,0.622710912180636,0.377289087819364
2024,15,Tottenham,Newcastle,51.47208367357962,53.60236389329657,0.4469434890989455,0.5530565109010546
2024,15,West Ham,Newcastle,61.477225174894556,53.60236389329657,0.6872912988417349,0.3127087011582651
2024,15,Wolves,Newcastle,83.40762772015296,53.60236389329657,0.9516865797078564,0.04831342029214358
2024,15,Arsenal,Nottingham Forest,60.0652132043615,81.49387396406382,0.10499974552979585,0.8950002544702041
2024,15,Aston Villa,Nottingham Forest,77.59067974053323,81.49387396406382,0.4036404086400296,0.5963595913599704
2024,15,Bournemouth,Nottingham Forest,64.3141922634095,81.49387396406382,0.15213306134003435,0.8478669386599657
2024,15,Brentford,Nottingham Forest,80.9056091401726,81.49387396406382,0.4852976190247381,0.5147023809752619
2024,15,Brighton,Nottingham Forest,82.91635495028459,81.49387396406382,0.535502180697766,0.464497819302234
2024,15,Burnley,Nottingham Forest,51.594477478647605,81.49387396406382,0.04788244118051238,0.9521175588194877
2024,15,Chelsea,Nottingham Forest,68.48369208164513,81.49387396406382,0.2139937074153196,0.7860062925846805
2024,15,Crystal Palace,Nottingham Forest,81.23466655379161,81.49387396406382,0.4935201775469914,0.5064798224530086
2024,15,Everton,Nottingham Forest,69.30022550630383,81.49387396406382,0.22804824523331468,0.7719517547666853
2024,15,Fulham,Nottingham Forest,65.98151573562063,81.49387396406382,0.17490784861672495,0.8250921513832751
2024,15,Liverpool,Nottingham Forest,83.48916708724573,81.49387396406382,0.5497174915800224,0.45028250841997763
2024,15,Luton Town,Nottingham Forest,65.86669546668418,81.49387396406382,0.17325699912702688,0.8267430008729731
2024,15,Manchester City,Nottingham Forest,73.71497224085033,81.49387396406382,0.3147747802690558,0.6852252197309442
2024,15,Manchester United,Nottingham Forest,70.04216906847432,81.49387396406382,0.2413723181077971,0.7586276818922029
2024,15,Newcastle,Nottingham Forest,53.60236389329657,81.49387396406382,0.05791325836523619,0.9420867416347638
2024,16,Sheffield United,Nottingham Forest,58.6130707024131,81.49387396406382,0.09211496621216143,0.9078850337878386
2024,16,Tottenham,Nottingham Forest,51.47208367357962,81.49387396406382,0.047327528946958616,0.9526724710530414
2024,16,West Ham,Nottingham Forest,61.477225174894556,81.49387396406382,0.11902823120638042,0.8809717687936196
2024,16,Wolves,Nottingham Forest,83.40762772015296,81.49387396406382,0.5476983551824741,0.4523016448175259
2024,16,Arsenal,Sheffield United,60.0652132043615,58.6130707024131,0.5362399018126888,0.46376009818731123
2024,16,Aston Villa,Sheffield United,77.59067974053323,58.6130707024131,0.8696378941925786,0.13036210580742136
2024,16,Bournemouth,Sheffield United,64.3141922634095,58.6130707024131,0.6387890541807301,0.36121094581926994
2024,16,Brentford,Sheffield United,80.9056091401726,58.6130707024131,0.9028459294733217,0.09715407052667835
2024,16,Brighton,Sheffield United,82.91635495028459,58.6130707024131,0.9191109532178465,0.08088904678215347
2024,16,Burnley,Sheffield United,51.594477478647605,58.6130707024131,0.3314001211161452,0.6685998788838547
2024,16,Chelsea,Sheffield United,68.48369208164513,58.6130707024131,0.7285072491890355,0.27149275081096447
2024,16,Crystal Palace,Sheffield United,81.23466655379161,58.6130707024131,0.9056942475954688,0.0943057524045312
2024,16,Everton,Sheffield United,69.30022550630383,58.6130707024131,0.744352558975261,0.255647441024739
2024,16,Fulham,Sheffield United,65.98151573562063,58.6130707024131,0.6763054509701975,0.32369454902980255
2024,16,Liverpool,Sheffield United,83.48916708724573,58.6130707024131,0.9232686319186911,0.07673136808130887
2024,16,Luton Town,Sheffield United,65.86669546668418,58.6130707024131,0.673786776123203,0.32621322387679696
2024,16,Manchester City,Sheffield United,73.71497224085033,58.6130707024131,0.8190893859275538,0.18091061407244624
2024,16,Manchester United,Sheffield United,70.04216906847432,58.6130707024131,0.7582134878474345,0.24178651215256552
2024,16,Newcastle,Sheffield United,53.60236389329657,58.6130707024131,0.37728908781936404,0.622710912180636
2024,16,Nottingham Forest,Sheffield United,81.49387396406382,58.6130707024131,0.9078850337878386,0.09211496621216142
2024,17,Tottenham,Sheffield United,51.47208367357962,58.6130707024131,0.3286938100445986,0.6713061899554014
2024,17,West Ham,Sheffield United,61.477225174894556,58.6130707024131,0.5711183494758441,0.42888165052415594
2024,17,Wolves,Sheffield United,83.40762772015296,58.6130707024131,0.922688979811129,0.07731102018887104
2024,17,Arsenal,Tottenham,60.0652132043615,51.47208367357962,0.7025170905687665,0.29748290943123346
2024,17,Aston Villa,Tottenham,77.59067974053323,51.47208367357962,0.9316209545808549,0.06837904541914508
2024,17,Bournemouth,Tottenham,64.3141922634095,51.47208367357962,0.7831657052299991,0.21683429477000093
2024,17,Brentford,Tottenham,80.9056091401726,51.47208367357962,0.9499483692189777,0.05005163078102226
2024,17,Brighton,Tottenham,82.91635495028459,51.47208367357962,0.9586885726605999,0.041311427339400075
2024,17,Burnley,Tottenham,51.594477478647605,51.47208367357962,0.5030598069295843,0.4969401930704157
2024,17,Chelsea,Tottenham,68.48369208164513,51.47208367357962,0.8456862865910787,0.1543137134089213
2024,17,Crystal Palace,Tottenham,81.23466655379161,51.47208367357962,0.9514899572273638,0.04851004277263615
2024,17,Everton,Tottenham,69.30022550630383,51.47208367357962,0.856044012805277,0.14395598719472302
2024,17,Fulham,Tottenham,65.98151573562063,51.47208367357962,0.8101435518931439,0.1898564481068561
2024,17,Liverpool,Tottenham,83.48916708724573,51.47208367357962,0.9608985145235989,0.03910148547640113
2024,17,Luton Town,Tottenham,65.86669546668418,51.47208367357962,0.808371198100317,0.191628801899683
2024,17,Manchester City,Tottenham,73.71497224085033,51.47208367357962,0.9024095529431959,0.09759044705680409
2024,17,Manchester United,Tottenham,70.04216906847432,51.47208367357962,0.8649478877929837,0.1350521122070163
2024,17,Newcastle,Tottenham,53.60236389329657,51.47208367357962,0.5530565109010545,0.44694348909894555
2024,17,Nottingham Forest,Tottenham,81.49387396406382,51.47208367357962,0.9526724710530414,0.047327528946958575
2024,17,Sheffield United,Tottenham,58.6130707024131,51.47208367357962,0.6713061899554015,0.3286938100445985
2024,18,West Ham,Tottenham,61.477225174894556,51.47208367357962,0.7311596546713953,0.2688403453286047
2024,18,Wolves,Tottenham,83.40762772015296,51.47208367357962,0.9605909962609421,0.03940900373905787
2024,18,Arsenal,West Ham,60.0652132043615,61.477225174894556,0.4647582348297828,0.5352417651702173
2024,18,Aston Villa,West Ham,77.59067974053323,61.477225174894556,0.8335981015853633,0.1664018984146367
2024,18,Bournemouth,West Ham,64.3141922634095,61.477225174894556,0.5704522873908258,0.42954771260917424
2024,18,Brentford,West Ham,80.9056091401726,61.477225174894556,0.8746636398761376,0.1253363601238624
2024,18,Brighton,West Ham,82.91635495028459,61.477225174894556,0.895098596158804,0.10490140384119595
2024,18,Burnley,West Ham,51.594477478647605,61.477225174894556,0.27125297760188527,0.7287470223981147
2024,18,Chelsea,West Ham,68.48369208164513,61.477225174894556,0.6683311362178113,0.33166886378218874
2024,18,Crystal Palace,West Ham,81.23466655379161,61.477225174894556,0.8782267531032832,0.12177324689671676
2024,18,Everton,West Ham,69.30022550630383,61.477225174894556,0.6861756119090819,0.31382438809091806
2024,18,Fulham,West Ham,65.98151573562063,61.477225174894556,0.6107412410309033,0.3892587589690967
2024,18,Liverpool,West Ham,83.48916708724573,61.477225174894556,0.90035669840053,0.09964330159946999
2024,18,Luton Town,West Ham,65.86669546668418,61.477225174894556,0.6080081002966746,0.3919918997033254
2024,18,Manchester City,West Ham,73.71497224085033,61.477225174894556,0.7727271453982067,0.22727285460179325
2024,18,Manchester United,West Ham,70.04216906847432,61.477225174894556,0.7019277118457777,0.29807228815422226
2024,18,Newcastle,West Ham,53.60236389329657,61.477225174894556,0.31270870115826505,0.687291298841735
2024,18,Nottingham Forest,West Ham,81.49387396406382,61.477225174894556,0.8809717687936196,0.1190282312063804
2024,18,Sheffield United,West Ham,58.6130707024131,61.477225174894556,0.428881650524156,0.5711183494758441
2024,18,Tottenham,West Ham,51.47208367357962,61.477225174894556,0.2688403453286047,0.7311596546713953
2024,19,Wolves,West Ham,83.40762772015296,61.477225174894556,0.8996227801335703,0.10037721986642967
2024,19,Arsenal,Wolves,60.0652132043615,83.40762772015296,0.08832652368843422,0.9116734763115658
2024,19,Aston Villa,Wolves,77.59067974053323,83.40762772015296,0.3585427139824361,0.6414572860175639
2024,19,Bournemouth,Wolves,64.3141922634095,83.40762772015296,0.12905461933473533,0.8709453806652647
2024,19,Brentford,Wolves,80.9056091401726,83.40762772015296,0.4377738156047497,0.5622261843952503
2024,19,Brighton,Wolves,82.91635495028459,83.40762772015296,0.4877206503272532,0.5122793496727468
2024,19,Burnley,Wolves,51.594477478647605,83.40762772015296,0.03987495785067707,0.9601250421493229
2024,19,Chelsea,Wolves,68.48369208164513,83.40762772015296,0.18356273835465667,0.8164372616453434
2024,19,Crystal Palace,Wolves,81.23466655379161,83.40762772015296,0.4458887205446844,0.5541112794553156
2024,19,Everton,Wolves,69.30022550630383,83.40762772015296,0.19611733027312975,0.8038826697268703
2024,19,Fulham,Wolves,65.98151573562063,83.40762772015296,0.1489815674313151,0.8510184325686849
2024,19,Liverpool,Wolves,83.48916708724573,83.40762772015296,0.5020384728830567,0.4979615271169433
2024,19,Luton Town,Wolves,65.86669546668418,83.40762772015296,0.14753166609667712,0.8524683339033229
2024,19,Manchester City,Wolves,73.71497224085033,83.40762772015296,0.27502691828844017,0.7249730817115598
2024,19,Manchester United,Wolves,70.04216906847432,83.40762772015296,0.20807866366533365,0.7919213363346663
2024,19,Newcastle,Wolves,53.60236389329657,83.40762772015296,0.04831342029214367,0.9516865797078563
2024,19,Nottingham Forest,Wolves,81.49387396406382,83.40762772015296,0.452301644817526,0.547698355182474
2024,19,Sheffield United,Wolves,58.6130707024131,83.40762772015296,0.07731102018887111,0.9226889798111289
2024,19,Tottenham,Wolves,51.47208367357962,83.40762772015296,0.039409003739057855,0.9605909962609421
2024,19,West Ham,Wolves,61.477225174894556,83.40762772015296,0.10037721986642963,0.8996227801335703
